{"cameraMode":{"drawMode":0,"name":"Shaded","section":"Shading Mode"},"sceneLighting":true,"audioPlay":false,"sceneViewState":{"showFog":true,"showMaterialUpdate":false,"showSkybox":true,"showFlares":true,"showImageEffects":true,"showParticleSystems":true},"in2DMode":false,"pivot":{"x":-0.02545394003391266,"y":0.22573283314704896,"z":-0.137956440448761},"rotation":{"x":-0.2373168021440506,"y":0.1971149742603302,"z":-0.04924337565898895,"w":-0.9499497413635254},"size":0.6911498308181763,"orthographic":false}